rjd,vrad,true_vrad,fwhm,bis_span,contrast,s_mw,ha,na,ca,rhk,corrected_file,observation_file,star,Name,gaia_dr3,Teff,eTeff,Logg,eLogg,[Fe/H],e[Fe/H],Vt,eVt,Gmag,Plx,Distance,Mass_t,Radius_t,SWFlag,Reference,Link,Update,Database,vrad_fractional_mean,true_vrad_fractional_mean,fwhm_fractional_mean,bis_span_fractional_mean,contrast_fractional_mean,vrad_subtract_mean,true_vrad_subtract_mean,fwhm_subtract_mean,bis_span_subtract_mean,contrast_subtract_mean,s_mw_mean,s_mw_std,ha_mean,ha_std,na_mean,na_std,ca_mean,ca_std,rhk_mean,rhk_std,s_mw_fractional_mean,ha_fractional_mean,na_fractional_mean,ca_fractional_mean,rhk_fractional_mean
58721.841555099934,21573.070746,,5634.462459,22.715014,56.14709,874.597149,0.352597,0.097709,0.808043,-4.974034,,HD22496_ESPRESSO19_1.rdb,HD 22496,HD 22496,4833654227548585856,4460.0,185.0,4.161,0.609,-0.223,0.085,0.214,1.616,8.020994,73.5199,13.601759523611973,0.6357004629755753,0.6423172211646395,1,Sousa et al. 2024,https://arxiv.org/abs/2409.11965,2024-09-19,EU;NASA,7.120221458001413e-05,,0.002468719261222826,-0.08607422527694693,-0.002809465096819577,1.5359410500022932,,13.875650912500532,-2.139317312500001,-0.15818771250000196,822.778460425,68.15687819774607,0.348061175,0.011248743656178025,0.0946748,0.002511158991079817,0.758408525,0.06528433881185167,-5.007282699999999,0.04247136403355644,0.06298012292182921,0.013031689041445065,0.032048654974713445,0.06544556576549553,-0.0066400684746638515
58725.85350142,21571.273807,,5646.370345,26.941631,56.045334,925.846417,0.360024,0.099028,0.857133,-4.945238,,HD22496_ESPRESSO19_1.rdb,HD 22496,HD 22496,4833654227548585856,4460.0,185.0,4.161,0.609,-0.223,0.085,0.214,1.616,8.020994,73.5199,13.601759523611973,0.6357004629755753,0.6423172211646395,1,Sousa et al. 2024,https://arxiv.org/abs/2409.11965,2024-09-19,EU;NASA,-1.2099183129874203e-05,,0.004587338972400603,0.08398132547827723,-0.004616684670792328,-0.2609979499975452,,25.783536912500495,2.0872996875,-0.2599437125000037,822.778460425,68.15687819774607,0.348061175,0.011248743656178025,0.0946748,0.002511158991079817,0.758408525,0.06528433881185167,-5.007282699999999,0.04247136403355644,0.12526817549618513,0.03436989201682725,0.045980556600066766,0.13017321370431592,-0.01239089216991873
58731.8419403499,21568.357191,,5631.08298,25.904744,56.220869,870.5042,0.345778,0.097464,0.804123,-4.976418,,HD22496_ESPRESSO19_1.rdb,HD 22496,HD 22496,4833654227548585856,4460.0,185.0,4.161,0.609,-0.223,0.085,0.214,1.616,8.020994,73.5199,13.601759523611973,0.6357004629755753,0.6423172211646395,1,Sousa et al. 2024,https://arxiv.org/abs/2409.11965,2024-09-19,EU;NASA,-0.00014730588151152933,,0.0018674512592523874,0.0422627619424915,-0.0014991261197751108,-3.1776139499997953,,10.496171912500358,1.0504126874999997,-0.08440871250000015,822.778460425,68.15687819774607,0.348061175,0.011248743656178025,0.0946748,0.002511158991079817,0.758408525,0.06528433881185167,-5.007282699999999,0.04247136403355644,0.058005577285467035,-0.0065596945709329,0.02946084913831338,0.0602768474945611,-0.006163961942871635
58737.84393237019,21572.784202,,5628.129192,25.327489,56.255636,860.858435,0.345964,0.09734,0.794884,-4.982089,,HD22496_ESPRESSO19_1.rdb,HD 22496,HD 22496,4833654227548585856,4460.0,185.0,4.161,0.609,-0.223,0.085,0.214,1.616,8.020994,73.5199,13.601759523611973,0.6357004629755753,0.6423172211646395,1,Sousa et al. 2024,https://arxiv.org/abs/2409.11965,2024-09-19,EU;NASA,5.791878330851417e-05,,0.0013419210787115267,0.01903723264773707,-0.0008816529198820962,1.2493970499999705,,7.542383912500554,0.47315768749999876,-0.049641712499997936,822.778460425,68.15687819774607,0.348061175,0.011248743656178025,0.0946748,0.002511158991079817,0.758408525,0.06528433881185167,-5.007282699999999,0.04247136403355644,0.046282172427472165,-0.0060253057526453695,0.028151102510910957,0.04809475869222334,-0.005031411547823952
58741.71213473985,21569.370671,,5629.892175,27.568874,56.256258,856.025108,0.348875,0.097338,0.790254,-4.984959,,HD22496_ESPRESSO19_1.rdb,HD 22496,HD 22496,4833654227548585856,4460.0,185.0,4.161,0.609,-0.223,0.085,0.214,1.616,8.020994,73.5199,13.601759523611973,0.6357004629755753,0.6423172211646395,1,Sousa et al. 2024,https://arxiv.org/abs/2409.11965,2024-09-19,EU;NASA,-0.00010032359633037131,,0.001655586370289775,0.10921809375474019,-0.0008706059980788525,-2.1641339499983587,,9.305366912500176,2.7145426875,-0.049019712499998036,822.778460425,68.15687819774607,0.348061175,0.011248743656178025,0.0946748,0.002511158991079817,0.758408525,0.06528433881185167,-5.007282699999999,0.04247136403355644,0.04040777581589422,0.0023381665593698872,0.02812997756530767,0.04198986950997157,-0.004458246385809093
58754.79899415979,21573.31,,5624.03464,21.851854,56.271981,841.618268,0.3475,0.097074,0.776454,-4.993627,,HD22496_ESPRESSO19_1.rdb,HD 22496,HD 22496,4833654227548585856,4460.0,185.0,4.161,0.609,-0.223,0.085,0.214,1.616,8.020994,73.5199,13.601759523611973,0.6357004629755753,0.6423172211646395,1,Sousa et al. 2024,https://arxiv.org/abs/2409.11965,2024-09-19,EU;NASA,8.229340499198112e-05,,0.0006134291721175749,-0.12080298096734408,-0.0005913604168692675,1.7751950500023668,,3.447831912500078,-3.0024773125000017,-0.03329671250000388,822.778460425,68.15687819774607,0.348061175,0.011248743656178025,0.0946748,0.002511158991079817,0.758408525,0.06528433881185167,-5.007282699999999,0.04247136403355644,0.022897788993246536,-0.0016122884145295,0.025341484745676674,0.0237938715153551,-0.002727167771054603
58773.67549816985,21574.843134,,5636.827344,27.354132,56.153067,892.533932,0.348679,0.097373,0.825224,-4.963737,,HD22496_ESPRESSO19_1.rdb,HD 22496,HD 22496,4833654227548585856,4460.0,185.0,4.161,0.609,-0.223,0.085,0.214,1.616,8.020994,73.5199,13.601759523611973,0.6357004629755753,0.6423172211646395,1,Sousa et al. 2024,https://arxiv.org/abs/2409.11965,2024-09-19,EU;NASA,0.00015336549206692167,,0.0028894733712024295,0.10057807052096279,-0.002703311637626629,3.308329049999884,,16.24053591250049,2.4998006874999987,-0.1522107125000005,822.778460425,68.15687819774607,0.348061175,0.011248743656178025,0.0946748,0.002511158991079817,0.758408525,0.06528433881185167,-5.007282699999999,0.04247136403355644,0.08478038126930101,0.0017750471594541284,0.028499664113364884,0.08809958326879297,-0.008696473238868508
58776.67941812007,21569.810456,,5628.590002,26.540949,56.261098,881.688828,0.346042,0.096788,0.814836,-4.969933,,HD22496_ESPRESSO19_1.rdb,HD 22496,HD 22496,4833654227548585856,4460.0,185.0,4.161,0.609,-0.223,0.085,0.214,1.616,8.020994,73.5199,13.601759523611973,0.6357004629755753,0.6423172211646395,1,Sousa et al. 2024,https://arxiv.org/abs/2409.11965,2024-09-19,EU;NASA,-7.993631262639733e-05,,0.0014239071801158357,0.0678601112334794,-0.0007846460277771715,-1.724348949999694,,8.003193912500137,1.6866176875,-0.04417971250000363,822.778460425,68.15687819774607,0.348061175,0.011248743656178025,0.0946748,0.002511158991079817,0.758408525,0.06528433881185167,-5.007282699999999,0.04247136403355644,0.07159930699275986,-0.0058012072159441055,0.02232061752440983,0.07440247985081655,-0.007459075558086456
58777.77653677994,21570.364183,,5626.806617,25.890791,56.269883,855.454727,0.34417,0.096987,0.789708,-4.985299,,HD22496_ESPRESSO19_1.rdb,HD 22496,HD 22496,4833654227548585856,4460.0,185.0,4.161,0.609,-0.223,0.085,0.214,1.616,8.020994,73.5199,13.601759523611973,0.6357004629755753,0.6423172211646395,1,Sousa et al. 2024,https://arxiv.org/abs/2409.11965,2024-09-19,EU;NASA,-5.426697546476007e-05,,0.0011066120184374142,0.04170137085839569,-0.0006286215775496071,-1.1706219499974395,,6.219808912500412,1.036459687499999,-0.03539471250000048,822.778460425,68.15687819774607,0.348061175,0.011248743656178025,0.0946748,0.002511158991079817,0.758408525,0.06528433881185167,-5.007282699999999,0.04247136403355644,0.03971453817364314,-0.011179572096773002,0.02442254961193475,0.041269940893662774,-0.004390345286476224
58792.735647379886,21571.626106,,5628.045046,22.025979,56.260039,855.054137,0.344273,0.097075,0.789324,-4.985538,,HD22496_ESPRESSO19_1.rdb,HD 22496,HD 22496,4833654227548585856,4460.0,185.0,4.161,0.609,-0.223,0.085,0.214,1.616,8.020994,73.5199,13.601759523611973,0.6357004629755753,0.6423172211646395,1,Sousa et al. 2024,https://arxiv.org/abs/2409.11965,2024-09-19,EU;NASA,4.232478162834063e-06,,0.001326950044036096,-0.11379715981646776,-0.0008034542113617597,0.09130105000076583,,7.458237912500408,-2.8283523125000016,-0.045238712500001554,822.778460425,68.15687819774607,0.348061175,0.011248743656178025,0.0946748,0.002511158991079817,0.758408525,0.06528433881185167,-5.007282699999999,0.04247136403355644,0.03922766349319373,-0.010883647106000848,0.025352047218478318,0.04076361747120396,-0.004342614807827664
58814.581962469965,21573.671132,,5624.580659,27.722325,56.298441,835.700365,0.343692,0.096646,0.770786,-4.997239,,HD22496_ESPRESSO19_1.rdb,HD 22496,HD 22496,4833654227548585856,4460.0,185.0,4.161,0.609,-0.223,0.085,0.214,1.616,8.020994,73.5199,13.601759523611973,0.6357004629755753,0.6423172211646395,1,Sousa et al. 2024,https://arxiv.org/abs/2409.11965,2024-09-19,EU;NASA,9.903454108932131e-05,,0.0007105754343574307,0.115392108177845,-0.00012142223212027511,2.1363270500005456,,3.9938509125004202,2.8679936875000003,-0.006836712500003728,822.778460425,68.15687819774607,0.348061175,0.011248743656178025,0.0946748,0.002511158991079817,0.758408525,0.06528433881185167,-5.007282699999999,0.04247136403355644,0.01570520522416845,-0.012552893898608492,0.020820746386577972,0.01632032683176916,-0.002005818445201602
58846.59444819996,21574.794197,,5621.350898,25.110199,56.310509,855.230203,0.346589,0.094051,0.789493,-4.985433,,HD22496_ESPRESSO19_1.rdb,HD 22496,HD 22496,4833654227548585856,4460.0,185.0,4.161,0.609,-0.223,0.085,0.214,1.616,8.020994,73.5199,13.601759523611973,0.6357004629755753,0.6423172211646395,1,Sousa et al. 2024,https://arxiv.org/abs/2409.11965,2024-09-19,EU;NASA,0.00015109690059014185,,0.00013594486458254825,0.01029469207128967,9.290936325212924e-05,3.259392050000315,,0.7640899124999123,0.25586768750000033,0.005231287500002679,822.778460425,68.15687819774607,0.348061175,0.011248743656178025,0.0946748,0.002511158991079817,0.758408525,0.06528433881185167,-5.007282699999999,0.04247136403355644,0.039441653052313994,-0.004229644400872978,-0.006588870533658457,0.04098645251910901,-0.004363584264974644
58879.617715190165,21571.908268,,5624.348535,24.833366,56.340916,856.064886,0.352675,0.095605,0.790292,-4.984935,,HD22496_ESPRESSO19_1.rdb,HD 22496,HD 22496,4833654227548585856,4460.0,185.0,4.161,0.609,-0.223,0.085,0.214,1.616,8.020994,73.5199,13.601759523611973,0.6357004629755753,0.6423172211646395,1,Sousa et al. 2024,https://arxiv.org/abs/2409.11965,2024-09-19,EU;NASA,1.731277136175698e-05,,0.0006692765437031475,-0.0008435275218792735,0.0006329475485756743,0.37346305000028224,,3.7617269125003077,-0.020965312499999555,0.03563828749999942,822.778460425,68.15687819774607,0.348061175,0.011248743656178025,0.0946748,0.002511158991079817,0.758408525,0.06528433881185167,-5.007282699999999,0.04247136403355644,0.04045612175822651,0.01325578757814633,0.009825212200078502,0.04203997443198571,-0.004463039404585484
58904.58232193021,21569.551862,,5606.437922,21.766036,56.415839,776.437037,0.329028,0.092665,0.71402,-5.035165,,HD22496_ESPRESSO19_1.rdb,HD 22496,HD 22496,4833654227548585856,4460.0,185.0,4.161,0.609,-0.223,0.085,0.214,1.616,8.020994,73.5199,13.601759523611973,0.6357004629755753,0.6423172211646395,1,Sousa et al. 2024,https://arxiv.org/abs/2409.11965,2024-09-19,EU;NASA,-9.192405491442654e-05,,-0.002517332543844137,-0.12425581978730618,0.0019636043367823167,-1.9829429499986873,,-14.148886087499704,-3.0882953125000014,0.11056128749999772,822.778460425,68.15687819774607,0.348061175,0.011248743656178025,0.0946748,0.002511158991079817,0.758408525,0.06528433881185167,-5.007282699999999,0.04247136403355644,-0.05632308774960237,-0.05468341879843396,-0.021228457836721133,-0.05852851535391168,0.005568349476254018
58911.51458902983,21575.680609,,5622.657944,23.69502,56.293606,838.524115,0.341269,0.096253,0.773491,-4.995512,,HD22496_ESPRESSO19_1.rdb,HD 22496,HD 22496,4833654227548585856,4460.0,185.0,4.161,0.609,-0.223,0.085,0.214,1.616,8.020994,73.5199,13.601759523611973,0.6357004629755753,0.6423172211646395,1,Sousa et al. 2024,https://arxiv.org/abs/2409.11965,2024-09-19,EU;NASA,0.0001921886452441399,,0.00036849104608074754,-0.046644236689520134,-0.00020729340079984158,4.145804050000152,,2.0711359124998125,-1.1593113125000016,-0.01167171250000365,822.778460425,68.15687819774607,0.348061175,0.011248743656178025,0.0946748,0.002511158991079817,0.758408525,0.06528433881185167,-5.007282699999999,0.04247136403355644,0.019137174017495186,-0.01951431382715987,0.016669694575536485,0.019887006148829933,-0.0023507160879891165
58926.50744816987,21567.485206,,5586.75161,20.673624,56.701429,741.364881,0.336991,0.09271,0.680426,-5.059276,,HD22496_ESPRESSO19_1.rdb,HD 22496,HD 22496,4833654227548585856,4460.0,185.0,4.161,0.609,-0.223,0.085,0.214,1.616,8.020994,73.5199,13.601759523611973,0.6357004629755753,0.6423172211646395,1,Sousa et al. 2024,https://arxiv.org/abs/2409.11965,2024-09-19,EU;NASA,-0.0001877288281345881,,-0.006019869320195149,-0.16820840037637205,0.007035775394320622,-4.049598949997744,,-33.83519808749952,-4.180707312500001,0.39615128749999684,822.778460425,68.15687819774607,0.348061175,0.011248743656178025,0.0946748,0.002511158991079817,0.758408525,0.06528433881185167,-5.007282699999999,0.04247136403355644,-0.09894957554302831,-0.031805256647771805,-0.020753146560647633,-0.10282390351558882,0.0103835359645263
59207.6031565601,21571.565412,,5584.794782,25.356642,56.541448,737.216692,0.335297,0.090035,0.676453,-5.062218,,HD22496_ESPRESSO19_1.rdb,HD 22496,HD 22496,4833654227548585856,4460.0,185.0,4.161,0.609,-0.223,0.085,0.214,1.616,8.020994,73.5199,13.601759523611973,0.6357004629755753,0.6423172211646395,1,Sousa et al. 2024,https://arxiv.org/abs/2409.11965,2024-09-19,EU;NASA,1.4188628800746061e-06,,-0.006368023003576504,0.020210187157494446,0.004194460929682463,0.030607050000980962,,-35.792026087499835,0.5023106874999996,0.23617028750000202,822.778460425,68.15687819774607,0.348061175,0.011248743656178025,0.0946748,0.002511158991079817,0.758408525,0.06528433881185167,-5.007282699999999,0.04247136403355644,-0.10399125954367326,-0.036672217175615716,-0.049007761305014635,-0.1080625049672273,0.010971080182870513
59208.59019970009,21568.124428,,5582.068418,25.618077,56.582651,730.581893,0.332961,0.090524,0.670098,-5.066966,,HD22496_ESPRESSO19_1.rdb,HD 22496,HD 22496,4833654227548585856,4460.0,185.0,4.161,0.609,-0.223,0.085,0.214,1.616,8.020994,73.5199,13.601759523611973,0.6357004629755753,0.6423172211646395,1,Sousa et al. 2024,https://arxiv.org/abs/2409.11965,2024-09-19,EU;NASA,-0.0001580961661206043,,-0.006853090505083129,0.03072887690669382,0.004926239577687402,-3.4103769499997725,,-38.51839008749994,0.7637456874999984,0.2773732874999979,822.778460425,68.15687819774607,0.348061175,0.011248743656178025,0.0946748,0.002511158991079817,0.758408525,0.06528433881185167,-5.007282699999999,0.04247136403355644,-0.11205515440617705,-0.043383681044000366,-0.04384271210501643,-0.11644189389880609,0.011919299064141227
59209.57488558022,21566.547011,,5582.659885,23.862034,56.584294,732.049802,0.328541,0.093862,0.671504,-5.065911,,HD22496_ESPRESSO19_1.rdb,HD 22496,HD 22496,4833654227548585856,4460.0,185.0,4.161,0.609,-0.223,0.085,0.214,1.616,8.020994,73.5199,13.601759523611973,0.6357004629755753,0.6423172211646395,1,Sousa et al. 2024,https://arxiv.org/abs/2409.11965,2024-09-19,EU;NASA,-0.00023122109739060623,,-0.00674785825439551,-0.039924522612320025,0.004955419790746482,-4.987793950000196,,-37.926923087499745,-0.9922973124999999,0.2790162874999993,822.778460425,68.15687819774607,0.348061175,0.011248743656178025,0.0946748,0.002511158991079817,0.758408525,0.06528433881185167,-5.007282699999999,0.04247136403355644,-0.11027106662239898,-0.05608259812373492,-0.00858517789316695,-0.1145880117842821,0.011708605947093926
59210.65256951004,21568.414512,,5580.103264,23.739739,56.582297,721.834313,0.332313,0.090262,0.661719,-5.073306,,HD22496_ESPRESSO19_1.rdb,HD 22496,HD 22496,4833654227548585856,4460.0,185.0,4.161,0.609,-0.223,0.085,0.214,1.616,8.020994,73.5199,13.601759523611973,0.6357004629755753,0.6423172211646395,1,Sousa et al. 2024,https://arxiv.org/abs/2409.11965,2024-09-19,EU;NASA,-0.00014464862969711158,,-0.007202725528453261,-0.04484499295056225,0.004919952422834725,-3.120292949999566,,-40.48354408749947,-1.114592312500001,0.2770192874999964,822.778460425,68.15687819774607,0.348061175,0.011248743656178025,0.0946748,0.002511158991079817,0.758408525,0.06528433881185167,-5.007282699999999,0.04247136403355644,-0.1226869106087903,-0.04524542273351797,-0.04661007997904414,-0.12749002920292865,0.013185454857581807
59211.6131451698,21570.112699,,5582.083148,21.658668,56.59549,734.258357,0.328871,0.093965,0.673619,-5.064329,,HD22496_ESPRESSO19_1.rdb,HD 22496,HD 22496,4833654227548585856,4460.0,185.0,4.161,0.609,-0.223,0.085,0.214,1.616,8.020994,73.5199,13.601759523611973,0.6357004629755753,0.6423172211646395,1,Sousa et al. 2024,https://arxiv.org/abs/2409.11965,2024-09-19,EU;NASA,-6.592511672704236e-05,,-0.0068504697822826775,-0.12857571070088722,0.005154264383204866,-1.4221059499977855,,-38.503660087500066,-3.1956633125000025,0.2902122874999975,822.778460425,68.15687819774607,0.348061175,0.011248743656178025,0.0946748,0.002511158991079817,0.758408525,0.06528433881185167,-5.007282699999999,0.04247136403355644,-0.10758680213781435,-0.05513448892999909,-0.007497243194598737,-0.11179927730902027,0.011392666126080829
59212.62354571,21570.399316,,5577.450796,21.995867,56.582549,733.97025,0.334312,0.090318,0.673343,-5.064535,,HD22496_ESPRESSO19_1.rdb,HD 22496,HD 22496,4833654227548585856,4460.0,185.0,4.161,0.609,-0.223,0.085,0.214,1.616,8.020994,73.5199,13.601759523611973,0.6357004629755753,0.6423172211646395,1,Sousa et al. 2024,https://arxiv.org/abs/2409.11965,2024-09-19,EU;NASA,-5.26383013664514e-05,,-0.007674645648285514,-0.115008699150252,0.004924428024594296,-1.1354889499998535,,-43.136012087499694,-2.8584643125000007,0.27727128749999963,822.778460425,68.15687819774607,0.348061175,0.011248743656178025,0.0946748,0.002511158991079817,0.758408525,0.06528433881185167,-5.007282699999999,0.04247136403355644,-0.10793696565552637,-0.039502179466009105,-0.04601858150215271,-0.11216319726891252,0.01143380620391194
59213.55753997015,21569.112332,,5580.640744,21.329662,56.524549,747.549208,0.33424,0.090525,0.68635,-5.054926,,HD22496_ESPRESSO19_1.rdb,HD 22496,HD 22496,4833654227548585856,4460.0,185.0,4.161,0.609,-0.223,0.085,0.214,1.616,8.020994,73.5199,13.601759523611973,0.6357004629755753,0.6423172211646395,1,Sousa et al. 2024,https://arxiv.org/abs/2409.11965,2024-09-19,EU;NASA,-0.00011229951748460914,,-0.007107098502601339,-0.14181308151820357,0.0038943292069283353,-2.422472949998337,,-39.94606408749951,-3.524669312500002,0.2192712874999998,822.778460425,68.15687819774607,0.348061175,0.011248743656178025,0.0946748,0.002511158991079817,0.758408525,0.06528433881185167,-5.007282699999999,0.04247136403355644,-0.09143318164423132,-0.03970903965373334,-0.04383214963221479,-0.0950128098836969,0.009514801311298187
59214.57946293987,21566.955326,,5581.129554,21.077689,56.554171,706.988451,0.329592,0.092205,0.647499,-5.084283,,HD22496_ESPRESSO19_1.rdb,HD 22496,HD 22496,4833654227548585856,4460.0,185.0,4.161,0.609,-0.223,0.085,0.214,1.616,8.020994,73.5199,13.601759523611973,0.6357004629755753,0.6423172211646395,1,Sousa et al. 2024,https://arxiv.org/abs/2409.11965,2024-09-19,EU;NASA,-0.0002122926806741986,,-0.0070201307149503275,-0.15195107303492864,0.004420425537564496,-4.579478949999611,,-39.45725408749968,-3.7766423125000017,0.24889328749999606,822.778460425,68.15687819774607,0.348061175,0.011248743656178025,0.0946748,0.002511158991079817,0.758408525,0.06528433881185167,-5.007282699999999,0.04247136403355644,-0.14073048213390216,-0.053063013994594496,-0.026087195325472122,-0.14623981844085937,0.0153776618204522
59215.5839734301,21569.570208,,5587.127552,20.469079,56.46845,759.823047,0.332412,0.089077,0.698106,-5.04642,,HD22496_ESPRESSO19_1.rdb,HD 22496,HD 22496,4833654227548585856,4460.0,185.0,4.161,0.609,-0.223,0.085,0.214,1.616,8.020994,73.5199,13.601759523611973,0.6357004629755753,0.6423172211646395,1,Sousa et al. 2024,https://arxiv.org/abs/2409.11965,2024-09-19,EU;NASA,-9.107358228155032e-05,,-0.005952982709804447,-0.17643815306728947,0.002897992766027538,-1.96459694999794,,-33.45925608749985,-4.3852523125000005,0.16317228749999657,822.778460425,68.15687819774607,0.348061175,0.011248743656178025,0.0946748,0.002511158991079817,0.758408525,0.06528433881185167,-5.007282699999999,0.04247136403355644,-0.07651563142827163,-0.044960989975397325,-0.059126610248978605,-0.07951192927321063,0.007816075573284698
59216.63635056,21573.202702,,5590.204419,20.995976,56.456409,769.36577,0.332861,0.089285,0.707247,-5.03992,,HD22496_ESPRESSO19_1.rdb,HD 22496,HD 22496,4833654227548585856,4460.0,185.0,4.161,0.609,-0.223,0.085,0.214,1.616,8.020994,73.5199,13.601759523611973,0.6357004629755753,0.6423172211646395,1,Sousa et al. 2024,https://arxiv.org/abs/2409.11965,2024-09-19,EU;NASA,7.731935001755216e-05,,-0.005405554637779576,-0.15523874949552627,0.002684140699415259,1.6678970499997376,,-30.382389087500087,-3.8583553125000023,0.15113128750000016,822.778460425,68.15687819774607,0.348061175,0.011248743656178025,0.0946748,0.002511158991079817,0.758408525,0.06528433881185167,-5.007282699999999,0.04247136403355644,-0.0649174631983075,-0.04367098686028392,-0.05692961590623904,-0.06745905842764628,0.006517966321334542
59217.60387321003,21573.967652,,5595.323147,21.248832,56.438779,762.707538,0.335487,0.091213,0.700869,-5.044445,,HD22496_ESPRESSO19_1.rdb,HD 22496,HD 22496,4833654227548585856,4460.0,185.0,4.161,0.609,-0.223,0.085,0.214,1.616,8.020994,73.5199,13.601759523611973,0.6357004629755753,0.6423172211646395,1,Sousa et al. 2024,https://arxiv.org/abs/2409.11965,2024-09-19,EU;NASA,0.00011278043365936834,,-0.0044948440349942935,-0.1450652309719025,0.0023710261794936197,2.4328470500004187,,-25.263661087499713,-3.605499312500001,0.13350128749999612,822.778460425,68.15687819774607,0.348061175,0.011248743656178025,0.0946748,0.002511158991079817,0.758408525,0.06528433881185167,-5.007282699999999,0.04247136403355644,-0.07300983838829575,-0.03612633612467699,-0.03656516834469152,-0.07586877402254943,0.0074216500698073866
59218.70607321989,21571.582181,,5598.44992,22.549771,56.437956,757.459869,0.339498,0.092217,0.695843,-5.048045,,HD22496_ESPRESSO19_1.rdb,HD 22496,HD 22496,4833654227548585856,4460.0,185.0,4.161,0.609,-0.223,0.085,0.214,1.616,8.020994,73.5199,13.601759523611973,0.6357004629755753,0.6423172211646395,1,Sousa et al. 2024,https://arxiv.org/abs/2409.11965,2024-09-19,EU;NASA,2.1962299127537635e-06,,-0.003938536818904183,-0.09272268416817023,0.0023564094324774834,0.04737605000264011,,-22.136888087499756,-2.3045603125000014,0.13267828749999921,822.778460425,68.15687819774607,0.348061175,0.011248743656178025,0.0946748,0.002511158991079817,0.758408525,0.06528433881185167,-5.007282699999999,0.04247136403355644,-0.07938782377854203,-0.02460249983354213,-0.02596044565185255,-0.08249580923421188,0.008140602886272191
59233.56472973013,21573.537963,,5615.61433,27.029974,56.326753,808.239696,0.345236,0.092442,0.744482,-5.014402,,HD22496_ESPRESSO19_1.rdb,HD 22496,HD 22496,4833654227548585856,4460.0,185.0,4.161,0.609,-0.223,0.085,0.214,1.616,8.020994,73.5199,13.601759523611973,0.6357004629755753,0.6423172211646395,1,Sousa et al. 2024,https://arxiv.org/abs/2409.11965,2024-09-19,EU;NASA,9.28611741404811e-05,,-0.0008846902035823924,0.08753575624888371,0.0003814080734962496,2.003158049999911,,-4.972478087499439,2.175642687499998,0.021475287499995943,822.778460425,68.15687819774607,0.348061175,0.011248743656178025,0.0946748,0.002511158991079817,0.758408525,0.06528433881185167,-5.007282699999999,0.04247136403355644,-0.017670326976583925,-0.008116892095189914,-0.0235838892714852,-0.01836282760666492,0.0014217891072937172
59236.61135008,21573.286427,,5605.531458,28.324756,56.432737,789.53126,0.345708,0.09149,0.726563,-5.026495,,HD22496_ESPRESSO19_1.rdb,HD 22496,HD 22496,4833654227548585856,4460.0,185.0,4.161,0.609,-0.223,0.085,0.214,1.616,8.020994,73.5199,13.601759523611973,0.6357004629755753,0.6423172211646395,1,Sousa et al. 2024,https://arxiv.org/abs/2409.11965,2024-09-19,EU;NASA,8.120062229407098e-05,,-0.002678608231054478,0.1396305796307872,0.0022637182992120467,1.751622050000151,,-15.055350087499392,3.4704246874999995,0.12745928750000246,822.778460425,68.15687819774607,0.348061175,0.011248743656178025,0.0946748,0.002511158991079817,0.758408525,0.06528433881185167,-5.007282699999999,0.04247136403355644,-0.04040844774646444,-0.006760808642331295,-0.03363936337863931,-0.041989935437500576,0.0038368714432681036
59268.54485047981,21577.953133,,5626.863555,26.582043,56.217533,831.106128,0.340784,0.097035,0.766385,-5.000063,,HD22496_ESPRESSO19_1.rdb,HD 22496,HD 22496,4833654227548585856,4460.0,185.0,4.161,0.609,-0.223,0.085,0.214,1.616,8.020994,73.5199,13.601759523611973,0.6357004629755753,0.6423172211646395,1,Sousa et al. 2024,https://arxiv.org/abs/2409.11965,2024-09-19,EU;NASA,0.0002975369211340178,,0.0011167422774199442,0.06951350514230406,-0.001558374562115299,6.418328050000127,,6.27674691250013,1.7277116874999976,-0.08774471249999749,822.778460425,68.15687819774607,0.348061175,0.011248743656178025,0.0946748,0.002511158991079817,0.758408525,0.06528433881185167,-5.007282699999999,0.04247136403355644,0.010121397162850338,-0.020907747036135314,0.024929548306413033,0.010517385732181719,-0.0014418399025082778
59282.51826329017,21571.939469,,5591.614041,23.289689,56.559493,729.292482,0.335733,0.094762,0.668863,-5.067895,,HD22496_ESPRESSO19_1.rdb,HD 22496,HD 22496,4833654227548585856,4460.0,185.0,4.161,0.609,-0.223,0.085,0.214,1.616,8.020994,73.5199,13.601759523611973,0.6357004629755753,0.6423172211646395,1,Sousa et al. 2024,https://arxiv.org/abs/2409.11965,2024-09-19,EU;NASA,1.8759168212223174e-05,,-0.005154758404551435,-0.06295250082681145,0.004514945984247689,0.4046640500018839,,-28.97276708749996,-1.564642312500002,0.2542152875000028,822.778460425,68.15687819774607,0.348061175,0.011248743656178025,0.0946748,0.002511158991079817,0.758408525,0.06528433881185167,-5.007282699999999,0.04247136403355644,-0.1136222967926392,-0.035419563816619294,0.0009210476283023107,-0.11807030386426631,0.012104828832612295
59283.53153365012,21573.554175,,5592.774793,21.878758,56.539503,731.457231,0.331795,0.092764,0.670936,-5.066337,,HD22496_ESPRESSO19_1.rdb,HD 22496,HD 22496,4833654227548585856,4460.0,185.0,4.161,0.609,-0.223,0.085,0.214,1.616,8.020994,73.5199,13.601759523611973,0.6357004629755753,0.6423172211646395,1,Sousa et al. 2024,https://arxiv.org/abs/2409.11965,2024-09-19,EU;NASA,9.361272010829743e-05,,-0.004948240466187853,-0.11972051370392305,0.004159917098641782,2.0193700500021805,,-27.812015087500185,-2.9755733125,0.23422528750000282,822.778460425,68.15687819774607,0.348061175,0.011248743656178025,0.0946748,0.002511158991079817,0.758408525,0.06528433881185167,-5.007282699999999,0.04247136403355644,-0.11099127385739871,-0.04673366686186701,-0.02018277302935949,-0.1153369485133359,0.01179368203037559
59284.54193266016,21572.834675,,5590.789635,23.174641,56.57773,718.920812,0.33378,0.091475,0.658928,-5.075439,,HD22496_ESPRESSO19_1.rdb,HD 22496,HD 22496,4833654227548585856,4460.0,185.0,4.161,0.609,-0.223,0.085,0.214,1.616,8.020994,73.5199,13.601759523611973,0.6357004629755753,0.6423172211646395,1,Sousa et al. 2024,https://arxiv.org/abs/2409.11965,2024-09-19,EU;NASA,6.025857973263077e-05,,-0.005301434548546486,-0.06758139220809503,0.00483884102110585,1.2998700499992992,,-29.797173087499687,-1.6796903125,0.27245228750000194,822.778460425,68.15687819774607,0.348061175,0.011248743656178025,0.0946748,0.002511158991079817,0.758408525,0.06528433881185167,-5.007282699999999,0.04247136403355644,-0.12622796222856053,-0.04103064640863773,-0.033797800470663816,-0.13117010386981084,0.013611434401337268
59285.54486780986,21570.570119,,5597.713206,22.446396,56.465294,744.663066,0.334602,0.091691,0.683585,-5.05695,,HD22496_ESPRESSO19_1.rdb,HD 22496,HD 22496,4833654227548585856,4460.0,185.0,4.161,0.609,-0.223,0.085,0.214,1.616,8.020994,73.5199,13.601759523611973,0.6357004629755753,0.6423172211646395,1,Sousa et al. 2024,https://arxiv.org/abs/2409.11965,2024-09-19,EU;NASA,-4.472032049280056e-05,,-0.004069611033244152,-0.09688191897920734,0.002841941182087008,-0.964685949998966,,-22.87360208749942,-2.407935312500001,0.16001628749999952,822.778460425,68.15687819774607,0.348061175,0.011248743656178025,0.0946748,0.002511158991079817,0.758408525,0.06528433881185167,-5.007282699999999,0.04247136403355644,-0.09494098129969296,-0.038668992598786665,-0.03151630634551125,-0.0986586022355168,0.009919012561443816
59297.4975100602,21574.647659,,5598.785803,23.076595,56.490689,764.84861,0.333784,0.094621,0.70292,-5.042984,,HD22496_ESPRESSO19_1.rdb,HD 22496,HD 22496,4833654227548585856,4460.0,185.0,4.161,0.609,-0.223,0.085,0.214,1.616,8.020994,73.5199,13.601759523611973,0.6357004629755753,0.6423172211646395,1,Sousa et al. 2024,https://arxiv.org/abs/2409.11965,2024-09-19,EU;NASA,0.00014430378172651572,,-0.003878777400276143,-0.07152621771022752,0.003292964621304774,3.1128540499994415,,-21.801005087500016,-1.7777363125,0.18541128750000269,822.778460425,68.15687819774607,0.348061175,0.011248743656178025,0.0946748,0.002511158991079817,0.758408525,0.06528433881185167,-5.007282699999999,0.04247136403355644,-0.07040759233667446,-0.04101915417598638,-0.0005682610367279004,-0.07316442678436402,0.00712987505179214
59311.46812755987,21570.096088,,5592.543843,25.759446,56.348985,760.255831,0.340571,0.093042,0.698521,-5.046123,,HD22496_ESPRESSO19_1.rdb,HD 22496,HD 22496,4833654227548585856,4460.0,185.0,4.161,0.609,-0.223,0.085,0.214,1.616,8.020994,73.5199,13.601759523611973,0.6357004629755753,0.6423172211646395,1,Sousa et al. 2024,https://arxiv.org/abs/2409.11965,2024-09-19,EU;NASA,-6.66951592925314e-05,,-0.004989330481854348,0.0364167788752695,0.000776255606502323,-1.4387169500005257,,-28.042965087499397,0.9051146874999993,0.043707287499998415,822.778460425,68.15687819774607,0.348061175,0.011248743656178025,0.0946748,0.002511158991079817,0.758408525,0.06528433881185167,-5.007282699999999,0.04247136403355644,-0.07598962835354794,-0.02151970842481925,-0.017246405590505644,-0.0789647307827929,0.007756761965926227
59435.7887618402,21575.046821,,5630.368294,28.910404,56.250269,890.323153,0.350763,0.095838,0.823106,-4.964993,,HD22496_ESPRESSO19_1.rdb,HD 22496,HD 22496,4833654227548585856,4460.0,185.0,4.161,0.609,-0.223,0.085,0.214,1.616,8.020994,73.5199,13.601759523611973,0.6357004629755753,0.6423172211646395,1,Sousa et al. 2024,https://arxiv.org/abs/2409.11965,2024-09-19,EU;NASA,0.00016280788927429805,,0.0017402962086495056,0.16319379654604008,-0.0009769725811650772,3.512016050000966,,9.781485912500102,4.056072687499999,-0.055008712499997614,822.778460425,68.15687819774607,0.348061175,0.011248743656178025,0.0946748,0.002511158991079817,0.758408525,0.06528433881185167,-5.007282699999999,0.04247136403355644,0.08209341374847161,0.007762500370804043,0.012286268362858998,0.08530689314179321,-0.00844563858956866
59460.90702904016,21576.090419,,5621.468342,23.315305,56.271251,860.93069,0.350244,0.096154,0.794953,-4.982046,,HD22496_ESPRESSO19_1.rdb,HD 22496,HD 22496,4833654227548585856,4460.0,185.0,4.161,0.609,-0.223,0.085,0.214,1.616,8.020994,73.5199,13.601759523611973,0.6357004629755753,0.6423172211646395,1,Sousa et al. 2024,https://arxiv.org/abs/2409.11965,2024-09-19,EU;NASA,0.00021118636625502398,,0.0001568401917095026,-0.06192185551682814,-0.0006043254537122555,4.555614050001168,,0.8815339125003447,-1.5390263125000025,-0.03402671250000111,822.778460425,68.15687819774607,0.348061175,0.011248743656178025,0.0946748,0.002511158991079817,0.758408525,0.06528433881185167,-5.007282699999999,0.04247136403355644,0.04636999072057955,0.006271383184292242,0.015624009768174846,0.04818573868219641,-0.005039999039798351
60219.76984403003,21571.078346,,5618.565878,20.908084,56.343862,783.813273,0.350446,0.091933,0.721086,-5.03026,,HD22496_ESPRESSO19_1.rdb,HD 22496,HD 22496,4833654227548585856,4460.0,185.0,4.161,0.609,-0.223,0.085,0.214,1.616,8.020994,73.5199,13.601759523611973,0.6357004629755753,0.6423172211646395,1,Sousa et al. 2024,https://arxiv.org/abs/2409.11965,2024-09-19,EU;NASA,-2.1160244466971393e-05,,-0.00035955855794122903,-0.15877503453554248,0.0006852694643833539,-0.45645895000052406,,-2.020930087499437,-3.9462473125000024,0.03858428750000087,822.778460425,68.15687819774607,0.348061175,0.011248743656178025,0.0946748,0.002511158991079817,0.758408525,0.06528433881185167,-5.007282699999999,0.04247136403355644,-0.047358054809642065,0.006851740933185034,-0.028960187927516114,-0.049211636960436324,0.004588776263820868
60222.62554450007,21569.102333,,5627.278409,20.91801,56.303109,805.92482,0.35417,0.095944,0.742265,-5.01588,,HD22496_ESPRESSO19_1.rdb,HD 22496,HD 22496,4833654227548585856,4460.0,185.0,4.161,0.609,-0.223,0.085,0.214,1.616,8.020994,73.5199,13.601759523611973,0.6357004629755753,0.6423172211646395,1,Sousa et al. 2024,https://arxiv.org/abs/2409.11965,2024-09-19,EU;NASA,-0.00011276304500326322,,0.0011905520083545708,-0.1583756675248111,-3.851703762256602e-05,-2.4324719500000356,,6.69160091249978,-3.9363213125000023,-0.0021687125000013907,822.778460425,68.15687819774607,0.348061175,0.011248743656178025,0.0946748,0.002511158991079817,0.758408525,0.06528433881185167,-5.007282699999999,0.04247136403355644,-0.02048381336610887,0.01755100953158589,0.013405890479831994,-0.02128605424101746,0.0017169591802757228
60225.656767169945,21576.034425,,5635.416011,20.900649,56.358883,812.819052,0.351301,0.093947,0.748869,-5.011492,,HD22496_ESPRESSO19_1.rdb,HD 22496,HD 22496,4833654227548585856,4460.0,185.0,4.161,0.609,-0.223,0.085,0.214,1.616,8.020994,73.5199,13.601759523611973,0.6357004629755753,0.6423172211646395,1,Sousa et al. 2024,https://arxiv.org/abs/2409.11965,2024-09-19,EU;NASA,0.00020859063069402837,,0.0026383727213611643,-0.15907417756644984,0.0009520472978343478,4.499620050002704,,14.829202912500477,-3.9536823125,0.053605287499998155,822.778460425,68.15687819774607,0.348061175,0.011248743656178025,0.0946748,0.002511158991079817,0.758408525,0.06528433881185167,-5.007282699999999,0.04247136403355644,-0.012104605193305053,0.009308205662409702,-0.0076873677050281666,-0.012578346215187906,0.000840635580651419
60229.76494946005,21573.606389,,5638.269366,29.13617,56.157207,841.803234,0.356364,0.095437,0.776631,-4.993515,,HD22496_ESPRESSO19_1.rdb,HD 22496,HD 22496,4833654227548585856,4460.0,185.0,4.161,0.609,-0.223,0.085,0.214,1.616,8.020994,73.5199,13.601759523611973,0.6357004629755753,0.6423172211646395,1,Sousa et al. 2024,https://arxiv.org/abs/2409.11965,2024-09-19,EU;NASA,9.603322474422093e-05,,0.003146034127087428,0.17227736420116568,-0.0026297838944346176,2.0715840500015474,,17.68255791250067,4.281838687499999,-0.14807071250000092,822.778460425,68.15687819774607,0.348061175,0.011248743656178025,0.0946748,0.002511158991079817,0.758408525,0.06528433881185167,-5.007282699999999,0.04247136403355644,0.02312259555892217,0.023854499140847907,0.00805071676940422,0.024027254967894724,-0.0027495351920112164
60231.83929581009,21568.468794,,5626.011037,30.273271,56.328971,830.78548,0.352444,0.094126,0.766078,-5.000261,,HD22496_ESPRESSO19_1.rdb,HD 22496,HD 22496,4833654227548585856,4460.0,185.0,4.161,0.609,-0.223,0.085,0.214,1.616,8.020994,73.5199,13.601759523611973,0.6357004629755753,0.6423172211646395,1,Sousa et al. 2024,https://arxiv.org/abs/2409.11965,2024-09-19,EU;NASA,-0.00014213225798356474,,0.0009650645204332544,0.21802798149611252,0.0004208004731098628,-3.0660109499985992,,5.424228912500439,5.4189396875,0.023693287500002214,822.778460425,68.15687819774607,0.348061175,0.011248743656178025,0.0946748,0.002511158991079817,0.758408525,0.06528433881185167,-5.007282699999999,0.04247136403355644,0.009731683509147764,0.012592111142531134,-0.005796685073535957,0.010112590704330541,-0.0014022974976026904
60234.78376257978,21570.429314,,5616.944282,26.2521,56.336055,813.273891,0.350082,0.093132,0.749304,-5.011204,,HD22496_ESPRESSO19_1.rdb,HD 22496,HD 22496,4833654227548585856,4460.0,185.0,4.161,0.609,-0.223,0.085,0.214,1.616,8.020994,73.5199,13.601759523611973,0.6357004629755753,0.6423172211646395,1,Sousa et al. 2024,https://arxiv.org/abs/2409.11965,2024-09-19,EU;NASA,-5.1247672453254503e-05,,-0.0006480686468996682,0.05623843465855052,0.0005466146114606324,-1.1054909499980567,,-3.642526087499391,1.3977686874999975,0.030777287500001194,822.778460425,68.15687819774607,0.348061175,0.011248743656178025,0.0946748,0.002511158991079817,0.758408525,0.06528433881185167,-5.007282699999999,0.04247136403355644,-0.011551796604022042,0.0058059477619128415,-0.016295783038358644,-0.012004776713183743,0.0007831193553343623
60236.755675230175,21567.855987,,5612.890573,24.253251,56.361669,771.411758,0.34221,0.091346,0.709207,-5.038538,,HD22496_ESPRESSO19_1.rdb,HD 22496,HD 22496,4833654227548585856,4460.0,185.0,4.161,0.609,-0.223,0.085,0.214,1.616,8.020994,73.5199,13.601759523611973,0.6357004629755753,0.6423172211646395,1,Sousa et al. 2024,https://arxiv.org/abs/2409.11965,2024-09-19,EU;NASA,-0.0001705403896043486,,-0.00136929387451608,-0.024184127303304305,0.0010015275617312061,-3.6788179499999387,,-7.696235087500099,-0.6010803125000024,0.056391287499998555,822.778460425,68.15687819774607,0.348061175,0.011248743656178025,0.0946748,0.002511158991079817,0.758408525,0.06528433881185167,-5.007282699999999,0.04247136403355644,-0.062430781669305005,-0.01681076609593123,-0.03516035946207446,-0.06487469929217893,0.0062419683234582815
60243.79091456998,21566.058754,,5601.414342,24.961895,56.460247,748.570656,0.345686,0.094052,0.687328,-5.054212,,HD22496_ESPRESSO19_1.rdb,HD 22496,HD 22496,4833654227548585856,4460.0,185.0,4.161,0.609,-0.223,0.085,0.214,1.616,8.020994,73.5199,13.601759523611973,0.6357004629755753,0.6423172211646395,1,Sousa et al. 2024,https://arxiv.org/abs/2409.11965,2024-09-19,EU;NASA,-0.00025385541638608207,,-0.0034111146650937503,0.004327764289755813,0.0027523048246256695,-5.476050949997443,,-19.172466087499743,0.10756368749999723,0.15496928750000194,822.778460425,68.15687819774607,0.348061175,0.011248743656178025,0.0946748,0.002511158991079817,0.758408525,0.06528433881185167,-5.007282699999999,0.04247136403355644,-0.09019171987884633,-0.006824015921913748,-0.006578308060856813,-0.09372326741712186,0.009372209002699288
60246.57723899,21566.685995,,5599.305423,23.028193,56.513716,735.506133,0.340242,0.092585,0.674814,-5.063437,,HD22496_ESPRESSO19_1.rdb,HD 22496,HD 22496,4833654227548585856,4460.0,185.0,4.161,0.609,-0.223,0.085,0.214,1.616,8.020994,73.5199,13.601759523611973,0.6357004629755753,0.6423172211646395,1,Sousa et al. 2024,https://arxiv.org/abs/2409.11965,2024-09-19,EU;NASA,-0.00022477816223287323,,-0.0037863279785801114,-0.0734736448766006,0.003701931612242587,-4.848809949999122,,-21.281385087499984,-1.8261383124999995,0.2084382875000017,822.778460425,68.15687819774607,0.348061175,0.011248743656178025,0.0946748,0.002511158991079817,0.758408525,0.06528433881185167,-5.007282699999999,0.04247136403355644,-0.10607026268033343,-0.022464944560392327,-0.022073455660851702,-0.11022360936673276,0.01121452559489024
60251.56578338007,21570.58725,,5612.329974,19.783087,56.460822,768.743346,0.346119,0.093361,0.706651,-5.040341,,HD22496_ESPRESSO19_1.rdb,HD 22496,HD 22496,4833654227548585856,4460.0,185.0,4.161,0.609,-0.223,0.085,0.214,1.616,8.020994,73.5199,13.601759523611973,0.6357004629755753,0.6423172211646395,1,Sousa et al. 2024,https://arxiv.org/abs/2409.11965,2024-09-19,EU;NASA,-4.392617208586445e-05,,-0.0014690341719513595,-0.20403865421837036,0.002762517011180077,-0.9475549499984481,,-8.256834087499556,-5.071244312500003,0.1555442874999997,822.778460425,68.15687819774607,0.348061175,0.011248743656178025,0.0946748,0.002511158991079817,0.758408525,0.06528433881185167,-5.007282699999999,0.04247136403355644,-0.06567395359023939,-0.00557998173740576,-0.013876976766784866,-0.06824491457292094,0.006602043859037644
60255.63218693994,21573.65413,,5629.807856,22.573429,56.202804,826.773445,0.347483,0.094099,0.762235,-5.002744,,HD22496_ESPRESSO19_1.rdb,HD 22496,HD 22496,4833654227548585856,4460.0,185.0,4.161,0.609,-0.223,0.085,0.214,1.616,8.020994,73.5199,13.601759523611973,0.6357004629755753,0.6423172211646395,1,Sousa et al. 2024,https://arxiv.org/abs/2409.11965,2024-09-19,EU;NASA,9.824637278538585e-05,,0.0016405845559101326,-0.09177081788367668,-0.0018199663808291734,2.119325050000043,,9.22104791250058,-2.2809023125000003,-0.10247371250000015,822.778460425,68.15687819774607,0.348061175,0.011248743656178025,0.0946748,0.002511158991079817,0.758408525,0.06528433881185167,-5.007282699999999,0.04247136403355644,0.00485548026249546,-0.0016611304032976791,-0.0060818718391800275,0.0050454008280036095,-0.0009064197633577694
60259.67637958983,21573.203784,,5635.331239,23.774531,56.137181,882.768719,0.359947,0.096851,0.81587,-4.969312,,HD22496_ESPRESSO19_1.rdb,HD 22496,HD 22496,4833654227548585856,4460.0,185.0,4.161,0.609,-0.223,0.085,0.214,1.616,8.020994,73.5199,13.601759523611973,0.6357004629755753,0.6423172211646395,1,Sousa et al. 2024,https://arxiv.org/abs/2409.11965,2024-09-19,EU;NASA,7.736950871104713e-05,,0.0026232903104146457,-0.04344515645677166,-0.0029854521517204808,1.6689790500022355,,14.74443091250032,-1.0798003125000015,-0.16809671250000235,822.778460425,68.15687819774607,0.348061175,0.011248743656178025,0.0946748,0.002511158991079817,0.758408525,0.06528433881185167,-5.007282699999999,0.04247136403355644,0.07291180002939365,0.0341486665382889,0.022986053310912757,0.07576586114983344,-0.0075830949189265705
60263.56421730993,21572.737623,,5637.384611,25.654647,56.163932,891.453571,0.356073,0.096542,0.824189,-4.96435,,HD22496_ESPRESSO19_1.rdb,HD 22496,HD 22496,4833654227548585856,4460.0,185.0,4.161,0.609,-0.223,0.085,0.214,1.616,8.020994,73.5199,13.601759523611973,0.6357004629755753,0.6423172211646395,1,Sousa et al. 2024,https://arxiv.org/abs/2409.11965,2024-09-19,EU;NASA,5.5759502551758264e-05,,0.002988620847974478,0.03220025022751251,-0.0025103457125586403,1.2028180500019516,,16.79780291250063,0.8003156874999995,-0.14134571249999794,822.778460425,68.15687819774607,0.348061175,0.011248743656178025,0.0946748,0.002511158991079817,0.758408525,0.06528433881185167,-5.007282699999999,0.04247136403355644,0.08346731699748963,0.02301843921546255,0.019722249215208265,0.08673488341919673,-0.008574051550953917
60267.68790529016,21569.63652,,5630.271933,27.045789,56.186897,843.623405,0.353025,0.097429,0.778375,-4.992411,,HD22496_ESPRESSO19_1.rdb,HD 22496,HD 22496,4833654227548585856,4460.0,185.0,4.161,0.609,-0.223,0.085,0.214,1.616,8.020994,73.5199,13.601759523611973,0.6357004629755753,0.6423172211646395,1,Sousa et al. 2024,https://arxiv.org/abs/2409.11965,2024-09-19,EU;NASA,-8.799953119531053e-05,,0.001723151913349016,0.08817206385262302,-0.0021024798617362596,-1.8982849499989243,,9.685124912500214,2.191457687499998,-0.11838071249999871,822.778460425,68.15687819774607,0.348061175,0.011248743656178025,0.0946748,0.002511158991079817,0.758408525,0.06528433881185167,-5.007282699999999,0.04247136403355644,0.025334820462160252,0.01426135793513878,0.029091162590256313,0.026326807178228964,-0.0029700140557271915
60272.5884766602,21568.925843,,5620.065018,24.737207,56.283301,833.0616,0.355023,0.094362,0.768258,-4.998859,,HD22496_ESPRESSO19_1.rdb,HD 22496,HD 22496,4833654227548585856,4460.0,185.0,4.161,0.609,-0.223,0.085,0.214,1.616,8.020994,73.5199,13.601759523611973,0.6357004629755753,0.6423172211646395,1,Sousa et al. 2024,https://arxiv.org/abs/2409.11965,2024-09-19,EU;NASA,-0.00012094466034004087,,-9.283551794782924e-05,-0.0047124306434707525,-0.0003903135441798927,-2.608961949998047,,-0.5217900874995394,-0.11712431249999966,-0.021976712499998996,822.778460425,68.15687819774607,0.348061175,0.011248743656178025,0.0946748,0.002511158991079817,0.758408525,0.06528433881185167,-5.007282699999999,0.04247136403355644,0.012498066089003194,0.02000172814448488,-0.003303941492350678,0.012987030967248155,-0.0016822896777924931
60282.51465934003,21565.525584,,5604.099744,23.73022,56.500286,757.486758,0.347951,0.092957,0.695869,-5.048026,,HD22496_ESPRESSO19_1.rdb,HD 22496,HD 22496,4833654227548585856,4460.0,185.0,4.161,0.609,-0.223,0.085,0.214,1.616,8.020994,73.5199,13.601759523611973,0.6357004629755753,0.6423172211646395,1,Sousa et al. 2024,https://arxiv.org/abs/2409.11965,2024-09-19,EU;NASA,-0.0002785717847309104,,-0.0029333350147312605,-0.04522798454588284,0.0034634104549795953,-6.009220949999872,,-16.487064087499675,-1.124111312500002,0.1950082875000021,822.778460425,68.15687819774607,0.348061175,0.011248743656178025,0.0946748,0.002511158991079817,0.758408525,0.06528433881185167,-5.007282699999999,0.04247136403355644,-0.07935514304941102,-0.00031653918309041545,-0.01814421577864443,-0.0824615269191496,0.008136808413074185
60282.64605114004,21565.672095,,5604.466308,24.004514,56.469033,760.936515,0.348072,0.093464,0.699173,-5.045656,,HD22496_ESPRESSO19_1.rdb,HD 22496,HD 22496,4833654227548585856,4460.0,185.0,4.161,0.609,-0.223,0.085,0.214,1.616,8.020994,73.5199,13.601759523611973,0.6357004629755753,0.6423172211646395,1,Sousa et al. 2024,https://arxiv.org/abs/2409.11965,2024-09-19,EU;NASA,-0.0002717799175166671,,-0.0028681169133984116,-0.03419192018546086,0.002908347035177632,-5.862709949997225,,-16.12050008749975,-0.8498173125000008,0.16375528750000257,822.778460425,68.15687819774607,0.348061175,0.011248743656178025,0.0946748,0.002511158991079817,0.758408525,0.06528433881185167,-5.007282699999999,0.04247136403355644,-0.07516232910746845,3.110085461267575e-05,-0.012789042068216653,-0.0781050358050761,0.00766349780890159
60287.64769408014,21569.564464,,5607.148031,21.877691,56.431702,769.125124,0.344182,0.095544,0.707016,-5.040082,,HD22496_ESPRESSO19_1.rdb,HD 22496,HD 22496,4833654227548585856,4460.0,185.0,4.161,0.609,-0.223,0.085,0.214,1.616,8.020994,73.5199,13.601759523611973,0.6357004629755753,0.6423172211646395,1,Sousa et al. 2024,https://arxiv.org/abs/2409.11965,2024-09-19,EU;NASA,-9.133985911599005e-05,,-0.002390991821025326,-0.11976344384702715,0.002245336363414012,-1.9703409499998088,,-13.438777087500057,-2.9766403125000025,0.1264242875000008,822.778460425,68.15687819774607,0.348061175,0.011248743656178025,0.0946748,0.002511158991079817,0.758408525,0.06528433881185167,-5.007282699999999,0.04247136403355644,-0.06520994290162359,-0.011145095398818935,0.009180901359179006,-0.0677636436114692,0.006550319198075365
60291.59919374995,21574.036653,,5614.775292,22.389459,56.349088,790.26439,0.343289,0.096029,0.727265,-5.026015,,HD22496_ESPRESSO19_1.rdb,HD 22496,HD 22496,4833654227548585856,4460.0,185.0,4.161,0.609,-0.223,0.085,0.214,1.616,8.020994,73.5199,13.601759523611973,0.6357004629755753,0.6423172211646395,1,Sousa et al. 2024,https://arxiv.org/abs/2409.11965,2024-09-19,EU;NASA,0.00011597913976089294,,-0.0010339696344761162,-0.09917274705597665,0.0007780849199199528,2.5018480500002624,,-5.811516087499513,-2.4648723125000025,0.043810287500001266,822.778460425,68.15687819774607,0.348061175,0.011248743656178025,0.0946748,0.002511158991079817,0.758408525,0.06528433881185167,-5.007282699999999,0.04247136403355644,-0.039517405946924156,-0.013710736338231317,0.014303700667970778,-0.041064312930817796,0.0037410110677395577
60298.55508279987,21569.866314,,5641.56237,24.628125,56.14715,875.718062,0.354421,0.097401,0.809117,-4.973383,,HD22496_ESPRESSO19_1.rdb,HD 22496,HD 22496,4833654227548585856,4460.0,185.0,4.161,0.609,-0.223,0.085,0.214,1.616,8.020994,73.5199,13.601759523611973,0.6357004629755753,0.6423172211646395,1,Sousa et al. 2024,https://arxiv.org/abs/2409.11965,2024-09-19,EU;NASA,-7.734688167005672e-05,,0.0037319167248369856,-0.009101283380182287,-0.0028083994773529398,-1.6684909499999776,,20.97556191249987,-0.22620631250000045,-0.15812771249999713,822.778460425,68.15687819774607,0.348061175,0.011248743656178025,0.0946748,0.002511158991079817,0.758408525,0.06528433881185167,-5.007282699999999,0.04247136403355644,0.0643424738509251,0.0182721471304577,0.028795413351810597,0.06686168908768526,-0.006770079108974455
60304.63048603013,21573.360227,,5643.882566,24.008378,56.088769,889.314355,0.360597,0.095704,0.82214,-4.965567,,HD22496_ESPRESSO19_1.rdb,HD 22496,HD 22496,4833654227548585856,4460.0,185.0,4.161,0.609,-0.223,0.085,0.214,1.616,8.020994,73.5199,13.601759523611973,0.6357004629755753,0.6423172211646395,1,Sousa et al. 2024,https://arxiv.org/abs/2409.11965,2024-09-19,EU;NASA,8.462179749876729e-05,,0.004144719885649667,-0.034036454325147944,-0.003845264978631578,1.8254220500020892,,23.29575791250045,-0.8459533125000007,-0.21650871250000137,822.778460425,68.15687819774607,0.348061175,0.011248743656178025,0.0946748,0.002511158991079817,0.758408525,0.06528433881185167,-5.007282699999999,0.04247136403355644,0.08086732671712299,0.036016154344132176,0.010870897007440141,0.08403317328217003,-0.008331005557165616
60310.65493055992,21572.8075,,5647.660841,28.053065,56.026274,842.876725,0.35259,0.09366,0.77766,-4.992863,,HD22496_ESPRESSO19_1.rdb,HD 22496,HD 22496,4833654227548585856,4460.0,185.0,4.161,0.609,-0.223,0.085,0.214,1.616,8.020994,73.5199,13.601759523611973,0.6357004629755753,0.6423172211646395,1,Sousa et al. 2024,https://arxiv.org/abs/2409.11965,2024-09-19,EU;NASA,5.8998817724735764e-05,,0.004816940621492245,0.1286992455070098,-0.004955196454666626,1.2726950500000385,,27.074032912500115,3.198733687499999,-0.2790037124999998,822.778460425,68.15687819774607,0.348061175,0.011248743656178025,0.0946748,0.002511158991079817,0.758408525,0.06528433881185167,-5.007282699999999,0.04247136403355644,0.02442731007398797,0.013011577634305275,-0.010718797399096805,0.02538404351401511,-0.00287974553543771
60316.55279636989,21568.310666,,5613.512946,27.528716,56.404232,775.844351,0.348875,0.093285,0.713452,-5.035561,,HD22496_ESPRESSO19_1.rdb,HD 22496,HD 22496,4833654227548585856,4460.0,185.0,4.161,0.609,-0.223,0.085,0.214,1.616,8.020994,73.5199,13.601759523611973,0.6357004629755753,0.6423172211646395,1,Sousa et al. 2024,https://arxiv.org/abs/2409.11965,2024-09-19,EU;NASA,-0.00014946265896935082,,-0.001258562909716352,0.10760235927791663,0.0017574602509780632,-3.224138949997723,,-7.073862087499947,2.674384687499998,0.0989542874999998,822.778460425,68.15687819774607,0.348061175,0.011248743656178025,0.0946748,0.002511158991079817,0.758408525,0.06528433881185167,-5.007282699999999,0.04247136403355644,-0.057043434754911575,0.0023381665593698872,-0.014679724699708862,-0.059277452082965476,0.005647434286065193
60322.66801364999,21569.593763,,5598.654947,21.392454,56.503316,738.151202,0.340609,0.091113,0.677348,-5.061553,,HD22496_ESPRESSO19_1.rdb,HD 22496,HD 22496,4833654227548585856,4460.0,185.0,4.161,0.609,-0.223,0.085,0.214,1.616,8.020994,73.5199,13.601759523611973,0.6357004629755753,0.6423172211646395,1,Sousa et al. 2024,https://arxiv.org/abs/2409.11965,2024-09-19,EU;NASA,-8.998163401673074e-05,,-0.0039020589551151284,-0.13928668081924686,0.0035172242380403394,-1.94104194999818,,-21.931861087499783,-3.4618773125000004,0.19803828749999752,822.778460425,68.15687819774607,0.348061175,0.011248743656178025,0.0946748,0.002511158991079817,0.758408525,0.06528433881185167,-5.007282699999999,0.04247136403355644,-0.1028554617014238,-0.021410532214631538,-0.037621415624854805,-0.1068824021987359,0.01083827362094029
60383.56053791987,21574.951854,,5661.568673,31.752339,55.970046,916.563473,0.35988,0.094871,0.848241,-4.950314,,HD22496_ESPRESSO19_1.rdb,HD 22496,HD 22496,4833654227548585856,4460.0,185.0,4.161,0.609,-0.223,0.085,0.214,1.616,8.020994,73.5199,13.601759523611973,0.6357004629755753,0.6423172211646395,1,Sousa et al. 2024,https://arxiv.org/abs/2409.11965,2024-09-19,EU;NASA,0.00015840546724639885,,0.007291385457036427,0.27753744813205977,-0.005953823977420402,3.4170490500000597,,40.98186491249999,6.898007687499998,-0.33523171249999706,822.778460425,68.15687819774607,0.348061175,0.011248743656178025,0.0946748,0.002511158991079817,0.758408525,0.06528433881185167,-5.007282699999999,0.04247136403355644,0.11398574110284322,0.033956171641378784,0.002072357163680236,0.1184486619530022,-0.011377168698703522
60385.51512080012,21568.548481,,5645.926916,32.094782,56.179924,900.190602,0.36267,0.095395,0.832558,-4.959415,,HD22496_ESPRESSO19_1.rdb,HD 22496,HD 22496,4833654227548585856,4460.0,185.0,4.161,0.609,-0.223,0.085,0.214,1.616,8.020994,73.5199,13.601759523611973,0.6357004629755753,0.6423172211646395,1,Sousa et al. 2024,https://arxiv.org/abs/2409.11965,2024-09-19,EU;NASA,-0.0001384381768381193,,0.004508445252733847,0.29131544906454826,-0.0022263226040739655,-2.9863239499973133,,25.34010791250057,7.240450687500001,-0.12535371250000082,822.778460425,68.15687819774607,0.348061175,0.011248743656178025,0.0946748,0.002511158991079817,0.758408525,0.06528433881185167,-5.007282699999999,0.04247136403355644,0.09408625200884975,0.04197200391569095,0.00760709291173565,0.09776983321752616,-0.009559616036857557
60387.52629585983,21572.242177,,5630.447703,27.615943,56.262902,839.34831,0.35254,0.095408,0.77428,-4.995009,,HD22496_ESPRESSO19_1.rdb,HD 22496,HD 22496,4833654227548585856,4460.0,185.0,4.161,0.609,-0.223,0.085,0.214,1.616,8.020994,73.5199,13.601759523611973,0.6357004629755753,0.6423172211646395,1,Sousa et al. 2024,https://arxiv.org/abs/2409.11965,2024-09-19,EU;NASA,3.279192029668749e-05,,0.0017544244487623848,0.11111188841806022,-0.000752606402482873,0.7073720500011405,,9.860894912500044,2.7616116875000003,-0.042375712500003715,822.778460425,68.15687819774607,0.348061175,0.011248743656178025,0.0946748,0.002511158991079817,0.758408525,0.06528433881185167,-5.007282699999999,0.04247136403355644,0.020138895671188196,0.012867924726163495,0.00774440505815701,0.02092734255591334,-0.002451169773178519
60483.89797487995,21578.759269,,5664.215895,25.825814,55.933994,930.663224,0.369307,0.096386,0.861746,-4.942627,,HD22496_ESPRESSO19_1.rdb,HD 22496,HD 22496,4833654227548585856,4460.0,185.0,4.161,0.609,-0.223,0.085,0.214,1.616,8.020994,73.5199,13.601759523611973,0.6357004629755753,0.6423172211646395,1,Sousa et al. 2024,https://arxiv.org/abs/2409.11965,2024-09-19,EU;NASA,0.0003349072801413082,,0.007762372222366944,0.039087057917000234,-0.006594119194222101,7.224464049999369,,43.6290869125005,0.9714826875,-0.37128371250000214,822.778460425,68.15687819774607,0.348061175,0.011248743656178025,0.0946748,0.002511158991079817,0.758408525,0.06528433881185167,-5.007282699999999,0.04247136403355644,0.13112249379896612,0.06104049094243274,0.018074503458153552,0.1362556875267192,-0.01291233267097131
60486.89882957004,21573.148928,,5666.625376,29.585934,55.98953,926.139118,0.369248,0.096525,0.857413,-4.945079,,HD22496_ESPRESSO19_1.rdb,HD 22496,HD 22496,4833654227548585856,4460.0,185.0,4.161,0.609,-0.223,0.085,0.214,1.616,8.020994,73.5199,13.601759523611973,0.6357004629755753,0.6423172211646395,1,Sousa et al. 2024,https://arxiv.org/abs/2409.11965,2024-09-19,EU;NASA,7.48265278569502e-05,,0.0081910607351985,0.19037336502874785,-0.0056077818159824344,1.6141230499997619,,46.038567912500184,4.731602687500001,-0.31574771249999856,822.778460425,68.15687819774607,0.348061175,0.011248743656178025,0.0946748,0.002511158991079817,0.758408525,0.06528433881185167,-5.007282699999999,0.04247136403355644,0.12562392253391008,0.06087098051082549,0.019542687177580478,0.13054240786652546,-0.012422645919312593
60493.90449413983,21571.742343,,5652.106368,29.252798,56.087682,911.332008,0.368137,0.09804,0.84323,-4.953201,,HD22496_ESPRESSO19_1.rdb,HD 22496,HD 22496,4833654227548585856,4460.0,185.0,4.161,0.609,-0.223,0.085,0.214,1.616,8.020994,73.5199,13.601759523611973,0.6357004629755753,0.6423172211646395,1,Sousa et al. 2024,https://arxiv.org/abs/2409.11965,2024-09-19,EU;NASA,9.62092182495722e-06,,0.0056078770756011215,0.17696982599116937,-0.003864570451300563,0.2075380500027677,,31.51955991249997,4.398466687499997,-0.21759571249999965,822.778460425,68.15687819774607,0.348061175,0.011248743656178025,0.0946748,0.002511158991079817,0.758408525,0.06528433881185167,-5.007282699999999,0.04247136403355644,0.1076274499568915,0.05767901289191474,0.0355448334720538,0.11184140500002955,-0.010800608481721903
60497.88601412019,21567.972678,,5633.235457,26.764605,56.272454,844.644042,0.357886,0.095072,0.779353,-4.991792,,HD22496_ESPRESSO19_1.rdb,HD 22496,HD 22496,4833654227548585856,4460.0,185.0,4.161,0.609,-0.223,0.085,0.214,1.616,8.020994,73.5199,13.601759523611973,0.6357004629755753,0.6423172211646395,1,Sousa et al. 2024,https://arxiv.org/abs/2409.11965,2024-09-19,EU;NASA,-0.00016513089968838365,,0.002250414297364782,0.07685878422885847,-0.0005829597834078398,-3.5621269500006747,,12.648648912499993,1.9102736874999984,-0.03282371249999727,822.778460425,68.15687819774607,0.348061175,0.011248743656178025,0.0946748,0.002511158991079817,0.758408525,0.06528433881185167,-5.007282699999999,0.04247136403355644,0.02657529654301531,0.028227293664684034,0.004195414196808447,0.02761634964480385,-0.0030936339983358803
60500.86642191,21572.327868,,5627.516368,24.001701,56.29063,832.231541,0.354323,0.095517,0.767463,-4.99937,,HD22496_ESPRESSO19_1.rdb,HD 22496,HD 22496,4833654227548585856,4460.0,185.0,4.161,0.609,-0.223,0.085,0.214,1.616,8.020994,73.5199,13.601759523611973,0.6357004629755753,0.6423172211646395,1,Sousa et al. 2024,https://arxiv.org/abs/2409.11965,2024-09-19,EU;NASA,3.676433119721187e-05,,0.0012328890468391728,-0.034305099653644144,-0.0002601481263407135,0.7930630500013649,,6.929559912499826,-0.8526303125000005,-0.01464771250000041,822.778460425,68.15687819774607,0.348061175,0.011248743656178025,0.0946748,0.002511158991079817,0.758408525,0.06528433881185167,-5.007282699999999,0.04247136403355644,0.011489217364923513,0.017990587430499822,0.008895714593534935,0.011938783256688743,-0.0015802383196777446
60505.877324270085,21572.101217,,5636.463804,25.700881,56.280008,833.497404,0.361066,0.097482,0.768676,-4.998591,,HD22496_ESPRESSO19_1.rdb,HD 22496,HD 22496,4833654227548585856,4460.0,185.0,4.161,0.609,-0.223,0.085,0.214,1.616,8.020994,73.5199,13.601759523611973,0.6357004629755753,0.6423172211646395,1,Sousa et al. 2024,https://arxiv.org/abs/2409.11965,2024-09-19,EU;NASA,2.6257382941084668e-05,,0.0028247932919841555,0.03406044913685697,-0.0004487982925690879,0.5664120500005083,,15.876995912500206,0.8465496874999978,-0.02526971249999832,822.778460425,68.15687819774607,0.348061175,0.011248743656178025,0.0946748,0.002511158991079817,0.758408525,0.06528433881185167,-5.007282699999999,0.04247136403355644,0.013027739653591712,0.037363618622502204,0.02965097364874281,0.013538185109403966,-0.0017358117207960082
60512.90726125008,21568.925413,,5644.614375,23.990808,56.152811,856.73981,0.35828,0.094849,0.790939,-4.984533,,HD22496_ESPRESSO19_1.rdb,HD 22496,HD 22496,4833654227548585856,4460.0,185.0,4.161,0.609,-0.223,0.085,0.214,1.616,8.020994,73.5199,13.601759523611973,0.6357004629755753,0.6423172211646395,1,Sousa et al. 2024,https://arxiv.org/abs/2409.11965,2024-09-19,EU;NASA,-0.00012096459401670964,,0.00427492141530968,-0.03474337336388961,-0.002707858280683918,-2.6093919499980984,,24.027566912500333,-0.8635233124999999,-0.15246671250000077,822.778460425,68.15687819774607,0.348061175,0.011248743656178025,0.0946748,0.002511158991079817,0.758408525,0.06528433881185167,-5.007282699999999,0.04247136403355644,0.04127642033489489,0.02935927858084139,0.001839982762044381,0.04289307665680571,-0.0045433224690907565
60515.83446286991,21576.16046,,5651.435115,23.811715,56.023082,898.91612,0.364151,0.098404,0.831337,-4.960131,,HD22496_ESPRESSO19_1.rdb,HD 22496,HD 22496,4833654227548585856,4460.0,185.0,4.161,0.609,-0.223,0.085,0.214,1.616,8.020994,73.5199,13.601759523611973,0.6357004629755753,0.6423172211646395,1,Sousa et al. 2024,https://arxiv.org/abs/2409.11965,2024-09-19,EU;NASA,0.00021443328403961134,,0.005488449509953767,-0.04194907919231117,-0.005011887410287113,4.625655050000205,,30.848306912500448,-1.0426163125000016,-0.2821957124999983,822.778460425,68.15687819774607,0.348061175,0.011248743656178025,0.0946748,0.002511158991079817,0.758408525,0.06528433881185167,-5.007282699999999,0.04247136403355644,0.09253725423933873,0.046227003054850925,0.03938957357184807,0.09615988296017637,-0.009416624310027412
60519.82184003014,21577.997588,,5660.804823,25.07542,55.961154,943.670067,0.372285,0.099243,0.874205,-4.935655,,HD22496_ESPRESSO19_1.rdb,HD 22496,HD 22496,4833654227548585856,4460.0,185.0,4.161,0.609,-0.223,0.085,0.214,1.616,8.020994,73.5199,13.601759523611973,0.6357004629755753,0.6423172211646395,1,Sousa et al. 2024,https://arxiv.org/abs/2409.11965,2024-09-19,EU;NASA,0.000299597738799578,,0.007155483277054035,0.008895378625165738,-0.006111748782363313,6.462783049999416,,40.21801491250062,0.2210886875,-0.34412371250000007,822.778460425,68.15687819774607,0.348061175,0.011248743656178025,0.0946748,0.002511158991079817,0.758408525,0.06528433881185167,-5.007282699999999,0.04247136403355644,0.1469309326748227,0.06959645815135795,0.04825148825241769,0.15268350919446746,-0.014304704625524666
60523.85324634984,21571.732401,,5664.001154,27.887108,55.948138,941.334117,0.370241,0.097555,0.871968,-4.936899,,HD22496_ESPRESSO19_1.rdb,HD 22496,HD 22496,4833654227548585856,4460.0,185.0,4.161,0.609,-0.223,0.085,0.214,1.616,8.020994,73.5199,13.601759523611973,0.6357004629755753,0.6423172211646395,1,Sousa et al. 2024,https://arxiv.org/abs/2409.11965,2024-09-19,EU;NASA,9.160036677447423e-06,,0.007724166069284904,0.12202205922855483,-0.006342917165307116,0.19759605000217562,,43.41434591249981,3.0327766875,-0.35713971250000043,822.778460425,68.15687819774607,0.348061175,0.011248743656178025,0.0946748,0.002511158991079817,0.758408525,0.06528433881185167,-5.007282699999999,0.04247136403355644,0.14409183307224754,0.06372392726652143,0.030422034163262023,0.1497339115485285,-0.014056266485612836
60527.8004646902,21568.949786,,5650.492658,29.430435,56.125422,901.451799,0.360323,0.096289,0.833766,-4.958707,,HD22496_ESPRESSO19_1.rdb,HD 22496,HD 22496,4833654227548585856,4460.0,185.0,4.161,0.609,-0.223,0.085,0.214,1.616,8.020994,73.5199,13.601759523611973,0.6357004629755753,0.6423172211646395,1,Sousa et al. 2024,https://arxiv.org/abs/2409.11965,2024-09-19,EU;NASA,-0.0001198347254088161,,0.005320770042990639,0.18411695048092225,-0.0031942958068399956,-2.5850189499979024,,29.905849912500344,4.576103687499998,-0.1798557125000002,822.778460425,68.15687819774607,0.348061175,0.011248743656178025,0.0946748,0.002511158991079817,0.758408525,0.06528433881185167,-5.007282699999999,0.04247136403355644,0.09561910326913746,0.035228936407515156,0.0170499435963952,0.09936264231734473,-0.00970101009076218
60531.8292983002,21569.927737,,5640.877888,25.652589,56.174206,866.931452,0.353622,0.095894,0.800701,-4.97851,,HD22496_ESPRESSO19_1.rdb,HD 22496,HD 22496,4833654227548585856,4460.0,185.0,4.161,0.609,-0.223,0.085,0.214,1.616,8.020994,73.5199,13.601759523611973,0.6357004629755753,0.6423172211646395,1,Sousa et al. 2024,https://arxiv.org/abs/2409.11965,2024-09-19,EU;NASA,-7.449947185159827e-05,,0.003610135490355427,0.03211744775843274,-0.002327876139236305,-1.6070679499971448,,20.29107991250021,0.7982576874999978,-0.1310717125000025,822.778460425,68.15687819774607,0.348061175,0.011248743656178025,0.0946748,0.002511158991079817,0.758408525,0.06528433881185167,-5.007282699999999,0.04247136403355644,0.05366328082068786,0.015976573658351843,0.012877766839750279,0.05576476741212791,-0.005746170472859326
60557.880360819865,21575.276716,,5655.722871,27.591118,55.911705,977.340501,0.370114,0.09838,0.906456,-4.918108,,HD22496_ESPRESSO19_1.rdb,HD 22496,HD 22496,4833654227548585856,4460.0,185.0,4.161,0.609,-0.223,0.085,0.214,1.616,8.020994,73.5199,13.601759523611973,0.6357004629755753,0.6423172211646395,1,Sousa et al. 2024,https://arxiv.org/abs/2409.11965,2024-09-19,EU;NASA,0.0001734652208957663,,0.006251315763318992,0.11011306854687283,-0.006989979065721366,3.741911050001363,,35.136062912500165,2.7367866875000004,-0.3935727125000028,822.778460425,68.15687819774607,0.348061175,0.011248743656178025,0.0946748,0.002511158991079817,0.758408525,0.06528433881185167,-5.007282699999999,0.04247136403355644,0.18785377596681627,0.0633590488798413,0.03913607422460878,0.1952080839281178,-0.017809000478442964
60560.711806369945,21578.20423,,5657.368909,30.88751,56.008748,970.356544,0.366089,0.097463,0.899767,-4.92169,,HD22496_ESPRESSO19_1.rdb,HD 22496,HD 22496,4833654227548585856,4460.0,185.0,4.161,0.609,-0.223,0.085,0.214,1.616,8.020994,73.5199,13.601759523611973,0.6357004629755753,0.6423172211646395,1,Sousa et al. 2024,https://arxiv.org/abs/2409.11965,2024-09-19,EU;NASA,0.00030917712208729817,,0.006544174508536016,0.24274154116814756,-0.005266463900846238,6.669425050000427,,36.78210091250003,6.033178687499998,-0.2965297125000035,822.778460425,68.15687819774607,0.348061175,0.011248743656178025,0.0946748,0.002511158991079817,0.758408525,0.06528433881185167,-5.007282699999999,0.04247136403355644,0.1793655165678129,0.051794989774426856,0.02945028666551174,0.18638829910304605,-0.01709364242606063
